condition,task,new_task_accuracy,dormant_fraction,best_loss,final_loss
plain_sgd,0,0.8575,0.0000,0.3753,0.3753
plain_sgd,1,0.9325,0.0000,0.2064,0.2064
plain_sgd,2,0.9700,0.0000,0.1060,0.1060
plain_sgd,3,0.9475,0.0000,0.1760,0.1760
plain_sgd,4,0.9375,0.0156,0.1781,0.1781
plain_sgd,5,0.9600,0.0000,0.1558,0.1558
plain_sgd,6,0.9200,0.0156,0.1963,0.1963
plain_sgd,7,0.9250,0.0000,0.2085,0.2085
plain_sgd,8,0.9250,0.0000,0.2131,0.2131
plain_sgd,9,0.9375,0.0156,0.1860,0.1860
plain_sgd,10,0.9550,0.0156,0.1268,0.1268
plain_sgd,11,0.9425,0.0156,0.1628,0.1628
plain_sgd,12,0.9025,0.0156,0.2547,0.2547
plain_sgd,13,0.9175,0.0156,0.2376,0.2376
plain_sgd,14,0.8800,0.0156,0.3083,0.3083
plain_sgd,15,0.9125,0.0156,0.2416,0.2416
plain_sgd,16,0.9225,0.0469,0.2009,0.2009
plain_sgd,17,0.8650,0.0156,0.3248,0.3248
plain_sgd,18,0.9200,0.0156,0.2183,0.2183
plain_sgd,19,0.9150,0.0156,0.2208,0.2208
plain_sgd,20,0.9375,0.0156,0.1869,0.1869
plain_sgd,21,0.9000,0.0156,0.2373,0.2373
plain_sgd,22,0.8975,0.0000,0.2998,0.2998
plain_sgd,23,0.9550,0.0312,0.1652,0.1652
plain_sgd,24,0.8925,0.0156,0.2849,0.2849
plain_sgd,25,0.9300,0.0312,0.2232,0.2232
plain_sgd,26,0.9025,0.0469,0.2304,0.2304
plain_sgd,27,0.9500,0.0156,0.1743,0.1743
plain_sgd,28,0.9225,0.0312,0.2169,0.2169
plain_sgd,29,0.9075,0.0000,0.2459,0.2459
plain_sgd,30,0.9375,0.0156,0.1953,0.1953
plain_sgd,31,0.9525,0.0000,0.1610,0.1610
plain_sgd,32,0.9475,0.0000,0.1549,0.1549
plain_sgd,33,0.9475,0.0000,0.1959,0.1959
plain_sgd,34,0.9150,0.0000,0.2508,0.2508
plain_sgd,35,0.9300,0.0000,0.1858,0.1858
plain_sgd,36,0.9475,0.0156,0.1878,0.1878
plain_sgd,37,0.9525,0.0156,0.1515,0.1515
plain_sgd,38,0.9225,0.0312,0.2061,0.2061
plain_sgd,39,0.8725,0.0469,0.2811,0.2811
plain_sgd,40,0.9100,0.0156,0.2546,0.2546
plain_sgd,41,0.9350,0.0938,0.2002,0.2002
plain_sgd,42,0.9475,0.0781,0.1752,0.1752
plain_sgd,43,0.9350,0.0938,0.2091,0.2091
plain_sgd,44,0.8700,0.0938,0.3440,0.3440
plain_sgd,45,0.9325,0.0781,0.2076,0.2076
plain_sgd,46,0.8950,0.1250,0.2866,0.2866
plain_sgd,47,0.8800,0.1562,0.2751,0.2751
plain_sgd,48,0.9250,0.1719,0.1984,0.1984
plain_sgd,49,0.9325,0.1406,0.2003,0.2003
sgd_weight_decay,0,0.8200,0.0469,0.4964,0.4964
sgd_weight_decay,1,0.8875,0.0469,0.3052,0.3052
sgd_weight_decay,2,0.9400,0.0469,0.2117,0.2117
sgd_weight_decay,3,0.8750,0.0469,0.3213,0.3213
sgd_weight_decay,4,0.8750,0.0625,0.3064,0.3064
sgd_weight_decay,5,0.8975,0.0625,0.2818,0.2818
sgd_weight_decay,6,0.8775,0.0469,0.2881,0.2881
sgd_weight_decay,7,0.8525,0.0469,0.3313,0.3313
sgd_weight_decay,8,0.8775,0.0469,0.3017,0.3017
sgd_weight_decay,9,0.8775,0.0625,0.3117,0.3117
sgd_weight_decay,10,0.8950,0.0469,0.2705,0.2705
sgd_weight_decay,11,0.9125,0.0625,0.2454,0.2454
sgd_weight_decay,12,0.8675,0.0625,0.3285,0.3285
sgd_weight_decay,13,0.8575,0.0625,0.3574,0.3574
sgd_weight_decay,14,0.8400,0.0469,0.4087,0.4087
sgd_weight_decay,15,0.8675,0.0469,0.2941,0.2941
sgd_weight_decay,16,0.8650,0.0469,0.3234,0.3234
sgd_weight_decay,17,0.8225,0.0469,0.4199,0.4199
sgd_weight_decay,18,0.8675,0.0469,0.3430,0.3430
sgd_weight_decay,19,0.8600,0.0469,0.3210,0.3210
sgd_weight_decay,20,0.9025,0.0469,0.2814,0.2814
sgd_weight_decay,21,0.8475,0.0469,0.3457,0.3457
sgd_weight_decay,22,0.8475,0.0469,0.3697,0.3697
sgd_weight_decay,23,0.8825,0.0469,0.2880,0.2880
sgd_weight_decay,24,0.8175,0.0469,0.4219,0.4219
sgd_weight_decay,25,0.8925,0.0469,0.3092,0.3092
sgd_weight_decay,26,0.8700,0.0469,0.3436,0.3436
sgd_weight_decay,27,0.8775,0.0469,0.2968,0.2968
sgd_weight_decay,28,0.8500,0.0469,0.3763,0.3763
sgd_weight_decay,29,0.8450,0.0469,0.3627,0.3627
sgd_weight_decay,30,0.8700,0.0469,0.3062,0.3062
sgd_weight_decay,31,0.9075,0.0469,0.2560,0.2560
sgd_weight_decay,32,0.9025,0.0469,0.2662,0.2662
sgd_weight_decay,33,0.8950,0.0469,0.3173,0.3173
sgd_weight_decay,34,0.8475,0.0469,0.3735,0.3735
sgd_weight_decay,35,0.9075,0.0469,0.2346,0.2346
sgd_weight_decay,36,0.8925,0.0469,0.2948,0.2948
sgd_weight_decay,37,0.9100,0.0469,0.2544,0.2544
sgd_weight_decay,38,0.8525,0.0469,0.3141,0.3141
sgd_weight_decay,39,0.8225,0.0469,0.4015,0.4015
sgd_weight_decay,40,0.8050,0.0469,0.4012,0.4012
sgd_weight_decay,41,0.8750,0.0469,0.3162,0.3162
sgd_weight_decay,42,0.8975,0.0469,0.2630,0.2630
sgd_weight_decay,43,0.8875,0.0469,0.2882,0.2882
sgd_weight_decay,44,0.8050,0.0469,0.4179,0.4179
sgd_weight_decay,45,0.8700,0.0469,0.3161,0.3161
sgd_weight_decay,46,0.8525,0.0469,0.3844,0.3844
sgd_weight_decay,47,0.8300,0.0469,0.3947,0.3947
sgd_weight_decay,48,0.8800,0.0469,0.2859,0.2859
sgd_weight_decay,49,0.8675,0.0469,0.3359,0.3359
